Data,Otwarcie,Najwyzszy,Najnizszy,Zamkniecie,Wolumen
2016-02-25,114.44,115.99,113.84,115.72,437416
2016-02-26,116.27,118.91,116.27,116.76,687346
2016-02-29,116.76,117.33,113.3,114.38,680989
2016-03-01,114.69,116.07,113.11,116.07,314396
2016-03-02,116.07,117.96,115.83,117.8,1100358
2016-03-03,117.84,120.36,117.8,120.36,821957
2016-03-04,120.68,120.68,118.3,119.56,413627
2016-03-07,119.45,120.63,118.61,120.25,386092
2016-03-08,119.83,121.44,117.64,119.07,467469
2016-03-09,118.95,119.83,117.99,118.95,271191
2016-03-10,118.91,121.6,118.14,119.56,516196
2016-03-11,120.41,122.03,119.83,120.91,289770
2016-03-14,122.1,123.4,120.83,122.6,454998
2016-03-15,122.03,123.83,121.67,123.01,240371
2016-03-16,123.52,123.52,120.91,121.29,315140
2016-03-17,122.03,122.87,119.95,121.9,442540
2016-03-18,121.9,123.63,120.79,123.63,805792
2016-03-21,122.51,123.49,121.75,123.49,261848
2016-03-22,123.6,123.6,122.21,123.26,315038
2016-03-23,122.9,123.89,122.18,123.4,297521
2016-03-24,122.9,122.9,119.48,121.72,379230
2016-03-29,122.25,124.21,121.41,123.83,341710
2016-03-30,124.28,128.67,124.28,128.67,476648
2016-03-31,127.52,128.08,124.6,126.52,718949
2016-04-01,125.47,126.52,123.17,124.44,341681
2016-04-04,124.44,125.09,123.78,124.91,137551
2016-04-05,124.52,124.6,121.37,121.37,411074
2016-04-06,122.05,122.05,118.52,118.68,409808
2016-04-07,119.75,120.33,116.44,116.99,392504
2016-04-08,117.99,119.41,116.44,117.49,443415
2016-04-11,117.96,119.23,116.44,116.68,251348
2016-04-12,117.3,117.91,115.5,116.29,328417
2016-04-13,117.6,119.1,117.37,118.34,346171
2016-04-14,118.3,119.53,117.75,118.37,216000
2016-04-15,118.34,120.02,118.34,119.41,483236
2016-04-18,119.1,120.75,118.37,120.75,320323
2016-04-19,120.56,123.63,120.56,123.33,640095
2016-04-20,122.9,124.02,122.67,123.33,438771
2016-04-21,123.67,124.44,121.1,122.18,549457
2016-04-22,122.14,122.14,119.99,121.29,182452
2016-04-25,121.29,121.64,119.91,120.68,220262
2016-04-26,121.13,121.25,118.3,119.07,278329
2016-04-27,119.03,119.23,116.03,116.68,357424
2016-04-28,116.27,118.72,116.27,118.72,514338
2016-04-29,118.68,119.37,116.76,119.25,333865
2016-05-02,119.53,121.06,118.61,120.45,152584
2016-05-04,118.98,120.02,116.8,116.8,475621
2016-05-05,116.76,117.03,112.46,113.61,298464
2016-05-06,113.68,118.95,113.68,117.84,648616
2016-05-09,117.96,120.07,117.53,119.75,329362
2016-05-10,119.53,119.71,116.91,119.3,514355
2016-05-11,117.87,118.07,114.49,115.04,419924
2016-05-12,115.1,116.42,113.84,113.84,311503
2016-05-13,113.93,117.14,113.93,116.18,633000
2016-05-16,117.6,120.22,117.3,119.45,469858
2016-05-17,120.18,120.87,118.02,118.3,1120719
2016-05-18,118.61,119.6,117.57,117.99,406410
2016-05-19,119.37,119.37,115.88,116.49,382925
2016-05-20,115.99,115.99,112.96,113.15,438263
2016-05-23,114.15,115.92,113.8,115.22,489215
2016-05-24,115.22,116.99,114.44,115.77,330519
2016-05-25,115.99,117.72,115.99,116.91,296966
2016-05-27,115.95,118.79,115.61,117.64,474138
2016-05-30,117.64,117.87,116.53,117.22,70623
2016-05-31,117.22,118.37,114.57,114.57,728329
2016-06-01,114.65,114.84,109.54,110.24,329407
2016-06-02,110.08,112.03,108.96,110.69,494660
2016-06-03,110.66,112.8,108.84,112.54,1091468
2016-06-06,112.91,114.49,111.92,114.22,292148
2016-06-07,114.49,116.68,114.3,116.65,698561
2016-06-08,116.68,119.3,115.37,119.14,496502
2016-06-09,118.87,119.07,116.38,117.07,274106
2016-06-10,117.53,117.64,112.15,112.15,304128
2016-06-13,111.39,112.57,110.66,112.54,274587
2016-06-14,112.11,112.77,110,111.01,328956
2016-06-15,111.31,112.88,111.31,112.66,210186
2016-06-16,110.62,111.77,109.3,111.5,1776464
2016-06-17,112.54,112.91,111.07,112.91,476019
2016-06-20,113.03,114.38,112.88,113.99,207271
2016-06-21,114.65,117.84,114.65,115.87,749726
2016-06-22,115.06,115.19,113.99,114.65,670590
2016-06-23,113.67,113.75,111.39,112.86,1976150
2016-06-24,93.842,112.08,93.842,111.71,942029
2016-06-27,109.14,110.28,107.99,109.83,876272
2016-06-28,113.02,116.04,110.81,114.57,758024
2016-06-29,114.24,115.26,110.44,111.71,436457
2016-06-30,110.89,111.83,109.83,111.83,430066
2016-07-01,112.61,112.61,109.14,109.83,490319
2016-07-04,108.53,109.18,105.79,105.79,519105
2016-07-05,105.91,107.01,104.2,104.61,676078
2016-07-06,105.59,105.91,101.63,103.87,855251
2016-07-07,104.57,107.23,104.12,104.69,1127362
2016-07-08,104.45,106.24,104.45,104.65,411798
2016-07-11,106.73,108.24,105.43,107.79,700884
2016-07-12,107.72,110.65,107.35,109.83,1631000
2016-07-13,105.27,105.79,102.24,102.81,11319416
2016-07-14,103.14,103.8,102.57,103.22,2235759
2016-07-15,103.63,104.24,102.97,103.87,4070681
2016-07-18,104.04,104.9,103.14,103.63,1413626
2016-07-19,103.87,104.33,102.73,103.58,1314407
2016-07-20,103.58,104.61,103.31,104.57,2091861
2016-07-21,104.36,105.84,104.29,105.14,958797
2016-07-22,105.14,105.67,104,104.45,736088
2016-07-25,104.45,104.94,104.17,104.41,703674
2016-07-26,104.2,105.02,104.04,104.04,449579
2016-07-27,103.56,103.56,97.759,100.86,4762229
2016-07-28,101.1,101.87,101.1,101.84,1316149
2016-07-29,102.69,102.73,99.67,100.65,1054326
2016-08-01,99.91,101.42,99.056,100.65,437859
2016-08-02,102.41,102.65,99.76,101.8,941019
2016-08-03,102.36,102.41,98.041,100.37,912225
2016-08-04,100.29,102,99.88,102,605428
2016-08-05,102.61,102.61,100.41,101.96,452868
2016-08-08,102.81,105.34,102.81,104.29,863793
2016-08-09,105.1,108.12,103.95,108.12,600036
2016-08-10,108.12,108.85,106.94,107.3,986358
2016-08-11,107.5,107.96,106.98,107.38,836210
2016-08-12,108.08,108.08,107.06,107.06,548454
2016-08-16,107.18,108.12,106.52,107.75,615014
2016-08-17,107.96,108.73,106.24,107.47,1072229
2016-08-18,107.38,107.91,104.81,105.91,421117
2016-08-19,105.75,106.08,103.1,103.56,502288
2016-08-22,103.56,105.27,102.53,104.12,639715
2016-08-23,102.65,102.65,100.04,101.84,1147066
2016-08-24,102,103.95,101.26,102.12,733181
2016-08-25,102.65,103.22,101.92,102.97,443052
2016-08-26,103.1,103.1,102.08,102.08,1100485
2016-08-29,101.18,102.41,100.41,102.41,414505
2016-08-30,102.2,105.84,101.59,105.84,1000130
2016-08-31,105.67,107.23,104.97,107.11,1133470
2016-09-01,106.69,107.62,102.24,102.65,1045440
2016-09-02,102.97,104.33,102.9,103.39,464649
2016-09-05,103.95,105.18,103.34,104.45,188565
2016-09-06,104.9,105.59,103.75,104.04,545521
2016-09-07,104.49,104.85,102.08,103.63,712250
2016-09-08,103.63,104.49,102.9,104.49,459570
2016-09-09,104.36,104.36,101.87,102,636168
2016-09-12,102,103.56,100.86,103.19,649600
2016-09-13,103.46,103.46,101.63,102.2,606099
2016-09-14,102.41,102.65,101.59,102.04,347403
2016-09-15,102,103.39,101.84,102.97,192437
2016-09-16,102.48,104.36,102.48,103.51,1009016
2016-09-19,103.95,104.45,102.57,103.63,364404
2016-09-20,103.56,104.12,102.53,104.12,295858
2016-09-21,103.58,105.18,103.39,104.36,703698
2016-09-22,104.65,105.59,104.2,105.55,571184
2016-09-23,105.51,105.51,103.63,104.81,468068
2016-09-26,104.2,104.61,102.65,103.19,362419
2016-09-27,103.26,103.31,101.8,102.53,319519
2016-09-28,102.81,103.83,102.69,103.07,1191109
2016-09-29,103.39,103.92,103.14,103.63,698254
2016-09-30,103.1,103.56,100.9,100.93,816170
2016-10-03,101.55,104.41,101.55,103.8,510484
2016-10-04,104.33,104.78,103.14,104.78,566359
2016-10-05,104.45,104.45,102.69,104.41,381385
2016-10-06,104.57,105.91,103.26,105.84,944326
2016-10-07,105.67,105.67,104.24,104.85,423616
2016-10-10,105.18,106.49,104.45,105.02,349748
2016-10-11,105.14,105.84,104.12,104.29,425386
2016-10-12,104.36,104.73,102.81,104.12,647575
2016-10-13,102,102.73,98.37,98.736,1658299
2016-10-14,99.469,99.469,97.919,97.956,1105812
2016-10-17,98.003,99.64,97.956,98.736,1852683
2016-10-18,99.347,99.422,97.834,97.919,760674
2016-10-19,98.201,98.323,97.834,97.919,978968
2016-10-20,98.003,98.774,97.956,98.323,217981
2016-10-21,98.37,99.027,98.126,98.567,1148544
2016-10-24,98.689,100.65,98.567,99.71,547955
2016-10-25,99.71,100.25,98.323,99.103,349329
2016-10-26,99.103,99.84,98.079,98.567,229001
2016-10-27,98.323,99.272,97.308,98.248,1247204
2016-10-28,97.919,100.49,97.919,100.49,435613
2016-10-31,100.37,100.69,98.774,98.774,298190
2016-11-02,98.407,98.407,94.368,95.063,1173829
2016-11-03,95.232,95.871,94.086,95.476,701913
2016-11-04,95.871,95.965,94.33,95.11,357967
2016-11-07,96.247,96.528,95.382,95.871,403367
2016-11-08,96.209,97.515,95.551,97.261,414478
2016-11-09,95.476,97.102,94.866,97.102,362057
2016-11-10,97.834,100.53,97.261,99.178,2010600
2016-11-14,98.323,99.225,97.515,97.919,1109403
2016-11-15,98.248,99.3,97.515,98.529,368671
2016-11-16,98.614,99.54,97.675,97.834,624335
2016-11-17,98.37,98.98,97.186,98.492,237632
2016-11-18,97.59,98.529,96.406,96.575,563251
2016-11-21,97.102,97.139,95.26,95.26,481231
2016-11-22,95.843,96.528,95.26,95.476,488278
2016-11-23,95.063,98.248,95.063,97.759,534737
2016-11-24,97.919,100.69,97.552,100.25,328788
2016-11-25,100.37,100.77,95.307,95.871,869074
2016-11-28,96.209,96.575,95.918,96.284,618148
2016-11-29,96.735,97.552,96.209,96.209,569423
2016-11-30,96.82,97.637,96.162,96.453,868519
2016-12-01,96.773,96.773,94.001,94.452,448599
2016-12-02,94.941,96.162,93.269,94.612,684671
2016-12-05,95.063,99.272,94.574,98.98,605000
2016-12-06,98.736,100.57,98.407,99.96,1067904
2016-12-07,100.49,100.62,97.186,98.323,532089
2016-12-08,101.18,102.24,95.871,98.079,4763675
2016-12-09,96.284,100.45,95.965,100.37,17452482
2016-12-12,100.37,100.93,98.652,98.652,1489610
2016-12-13,99.71,101.84,98.652,101.51,1917125
2016-12-14,101.51,101.84,99.71,100.04,1734576
2016-12-15,100.29,101.59,99.67,100.81,994392
2016-12-16,100.77,101.51,100.2,100.77,1366496
2016-12-19,100.74,101.14,99.88,100.37,803447
2016-12-20,100.93,101.59,100.37,101.51,1218574
2016-12-21,101.51,103.63,101.51,102.2,1430454
2016-12-22,102,102.45,100.69,101.8,921002
2016-12-23,101.87,103.1,100.53,100.9,244719
2016-12-27,101.55,101.84,100.81,101.51,88248
2016-12-28,101.51,103.1,101.3,101.47,641822
2016-12-29,101.26,103.56,101.26,103.46,429774
2016-12-30,103.58,104.2,102.57,102.65,856447
2017-01-02,102.65,105.02,102.41,104.29,394577
2017-01-03,104.97,107.75,104.57,107.75,1083416
2017-01-04,107.72,108.57,105.79,106.85,1816711
2017-01-05,106.4,107.13,105.67,106.45,773256
2017-01-09,106.85,106.89,104.61,105.46,807298
2017-01-10,105.96,107.38,105.39,105.72,1426606
2017-01-11,105.88,106.2,104.9,105.84,547657
2017-01-12,105.91,106.04,104.2,104.57,1425594
2017-01-13,104.94,105.46,104,104.45,777774
2017-01-16,104.69,107.62,103.75,106.52,1006716
2017-01-17,106.89,107.26,106.12,106.36,718729
2017-01-18,106.73,106.82,104.61,105.27,1269901
2017-01-19,105.46,105.46,104.12,104.69,641750
2017-01-20,104.69,105.84,104.33,104.85,1110959
2017-01-23,104.85,105.51,104.17,104.97,527870
2017-01-24,105.27,106.04,104.65,106.04,1236542
2017-01-25,106.08,112.25,106.08,112.25,2106873
2017-01-26,113.02,113.71,110.61,111.47,2505833
2017-01-27,111.39,112.81,109.5,112.56,1744593
2017-01-30,112.49,112.86,109.95,110.16,979583
2017-01-31,110.16,111.3,109.59,110.4,1063852
2017-02-01,110.98,112.44,110.4,111.83,772825
2017-02-02,111.39,111.63,110.56,110.65,429058
2017-02-03,110.93,111.15,110.12,110.49,1166434
2017-02-06,110.77,112.86,110.44,112.2,769592
2017-02-07,112.2,112.93,110.98,110.98,1162098
2017-02-08,111.34,111.54,110.4,110.98,1225691
2017-02-09,113.38,114.89,112.89,114.04,1105069
2017-02-10,114.65,116.85,114.41,115.87,1847221
2017-02-13,115.95,116.69,114.97,116.29,3034343
2017-02-14,116.29,117.34,115.55,116.69,1353914
2017-02-15,117.34,118.12,116.36,117.34,1496747
2017-02-16,117.67,119.1,116.77,118.32,852667
2017-02-17,118.64,118.64,116.93,117.09,1247360
2017-02-20,117.67,117.67,115.38,116.32,412954
2017-02-21,116.32,118.93,115.92,118.32,492458
2017-02-22,118.64,120.28,117.99,118.57,571299
2017-02-23,118.73,120.11,117.67,118.12,899141
2017-02-24,117.54,117.87,114.53,115.09,943664
2017-02-27,115.09,116.12,114.69,115.06,272824
2017-02-28,115.38,115.38,113.22,114.2,892589
2017-03-01,114.24,118.57,114.24,117.51,432769
2017-03-02,117.51,118.48,116.69,117.84,533468
2017-03-03,117.3,117.3,115.06,115.06,424042
2017-03-06,115.06,115.06,113.42,114.73,566571
2017-03-07,113.92,114.89,112.61,112.69,378184
2017-03-08,112.61,113.59,110.81,111.39,589488
2017-03-09,111.27,111.42,108.69,110.16,1241234
2017-03-10,110.61,112.32,109.92,110.32,646683
2017-03-13,110.56,112.77,110.44,112.25,746155
2017-03-14,112.77,112.77,110.65,111.63,670904
2017-03-15,113.02,113.02,110.16,110.32,778041
2017-03-16,111.83,113.87,111.3,113.83,1320343
2017-03-17,114.2,114.69,113.34,113.5,1307823
2017-03-20,113.8,114.93,112.86,114.24,246416
2017-03-21,114.32,115.43,111.47,112.61,882364
2017-03-22,110.98,111.76,109.76,110.77,808145
2017-03-23,110.28,111.39,109.55,110.16,828301
2017-03-24,110.24,111.27,109.83,110.24,256928
2017-03-27,109.38,110.56,109.1,110.12,421444
2017-03-28,110.53,112.03,110.12,111.17,538562
2017-03-29,112.61,112.61,110.73,110.98,546947
2017-03-30,110.98,111.71,109.34,110.08,327681
2017-03-31,109.55,109.88,107.18,107.79,939948
2017-04-03,107.91,109.92,107.91,108.94,599018
2017-04-04,109.22,110.53,108.89,109.83,740766
2017-04-05,110.28,111.54,109.83,110.89,500084
2017-04-06,110.56,111.63,109.63,111.51,327914
2017-04-07,110.98,111.88,110.53,111.39,1023930
2017-04-10,112,112.12,110.98,111.54,588979
2017-04-11,111.54,111.66,108.16,109.34,2885055
2017-04-12,109.95,110.89,107.38,108.12,1320098
2017-04-13,108.21,108.33,106.73,108.33,400248
2017-04-18,108.65,111.02,108.65,110.32,1599840
2017-04-19,110.56,112.44,110.2,111.79,954058
2017-04-20,112.28,112.73,109.38,110.16,890001
2017-04-21,110.32,110.56,107.38,107.72,1651442
2017-04-24,109.76,110.16,108.73,109.95,1559726
2017-04-25,110.16,113.1,109.76,112.98,2145022
2017-04-26,113.02,114.81,112.16,114.53,894664
2017-04-27,114.24,116.19,113.67,115.67,840222
2017-04-28,115.7,115.95,113.63,114.69,872267
2017-05-02,115.55,116.19,114.57,115.8,462752
2017-05-04,115.8,115.99,113.1,114.44,2209053
2017-05-05,113.83,114.53,112.77,113.92,1018301
2017-05-08,115.06,115.06,113.26,114.16,768893
2017-05-09,114.24,119.06,114.24,118.28,1650195
2017-05-10,118.32,119.38,116.29,117.18,1110665
2017-05-11,117.3,118.03,116.69,117.09,1423273
2017-05-12,116.81,118.08,116.57,117.79,411286
2017-05-15,118.2,118.64,116.97,118.15,274883
2017-05-16,118.15,118.73,116.32,117.09,881853
2017-05-17,116.69,118.36,116.53,116.69,903587
2017-05-18,116.36,117.46,113.1,114.65,935776
2017-05-19,114.24,115.34,113.18,113.83,801660
2017-05-22,114.16,114.97,113.26,114.41,688086
2017-05-23,114.24,115.21,113.26,113.83,483730
2017-05-24,113.83,114.77,113.26,114.24,639737
2017-05-25,115.8,115.99,114.32,115.31,573915
2017-05-26,115.31,115.43,113.47,113.92,1235568
2017-05-29,114.24,114.28,113.14,113.14,167841
2017-05-30,113.02,113.34,111.88,112.08,336426
2017-05-31,112.2,114.85,111.42,112.61,1430549
2017-06-01,112.28,112.69,110.98,110.98,716434
2017-06-02,111.95,112.61,110.16,110.24,820169
2017-06-05,110.56,110.56,108.21,108.21,1800315
2017-06-06,108.21,108.53,106.98,108.12,1489310
2017-06-07,108.28,109.5,108.21,108.49,2562578
2017-06-08,108.94,109.71,108.57,109.01,1264167
2017-06-09,109.34,110,107.01,107.72,858922
2017-06-12,107.72,107.72,105.39,106.65,706455
2017-06-13,106.94,107.26,105.06,106.12,1045640
2017-06-14,106.61,107.3,104.08,106.73,1686344
2017-06-16,106.73,107.26,105.63,105.63,2052307
2017-06-19,106.49,107.1,105.84,106.33,1044027
2017-06-20,108.07,108.24,104.93,105.58,1436993
2017-06-21,105.58,106.06,104.09,104.22,1681490
2017-06-22,104.93,107.33,104.58,105.36,856267
2017-06-23,105.32,107.11,105.32,106.67,874080
2017-06-26,108.37,111.31,107.99,110.96,1594212
2017-06-27,111.04,111.88,110.3,111.27,658515
2017-06-28,111.01,111.48,110.26,110.35,705829
2017-06-29,110.78,111.22,108.47,109.21,678049
2017-06-30,109.13,109.51,108.47,109.13,514826
2017-07-03,109.38,110.48,109.13,110.39,272719
2017-07-04,109.77,110.61,108.24,108.34,404454
2017-07-05,108.77,110.48,108.77,109.61,629131
2017-07-06,109.82,110.13,107.99,108.82,395581
2017-07-07,109.03,110.08,108.55,109.3,287557
2017-07-10,109.74,110.61,109.34,110.35,923149
2017-07-11,110.39,110.96,109.21,109.69,1132051
2017-07-12,109.69,112.62,109.69,112.18,926116
2017-07-13,112.75,114.37,112.01,114.37,643729
2017-07-14,114.24,114.24,112.62,113.97,445018
2017-07-17,114.06,114.93,113.58,114.76,540971
2017-07-18,114.28,114.68,112.92,113.45,672091
2017-07-19,113.89,114.11,112.23,113.1,734638
2017-07-20,113.49,113.97,111.88,112.71,555620
2017-07-21,112.92,113.36,111.75,111.92,626752
2017-07-24,111.92,111.92,110.04,111.01,420337
2017-07-25,111.04,112.62,110.78,111.31,576950
2017-07-26,111.4,113.49,111.35,112.36,429728
2017-07-27,112.36,112.62,110.61,111.62,435908
2017-07-28,111.44,112.14,110.3,111.04,301625
2017-07-31,111.79,113.1,111.4,111.75,1015904
2017-08-01,112.44,112.44,110.87,111.35,741530
2017-08-02,111.35,113.89,111.35,111.75,1510685
2017-08-03,111.48,111.57,109.43,110.26,542868
2017-08-04,110.17,112.01,109.91,111.57,652486
2017-08-07,111.88,112.66,111.35,112.27,312727
2017-08-08,112.31,113.67,111.35,113.67,421601
2017-08-09,113.41,113.41,110.65,111.92,804196
2017-08-10,111.92,113.05,111.7,112.27,638552
2017-08-11,111.57,112.18,111.57,111.92,858855
2017-08-14,111.83,112.57,111.83,111.83,264897
2017-08-16,112.01,112.36,111.57,111.83,587783
2017-08-17,111.83,111.83,109.16,109.16,376078
2017-08-18,109.16,109.16,106.15,106.94,990093
2017-08-21,107.33,107.9,106.33,107.55,979231
2017-08-22,108.07,108.21,107.46,107.76,447851
2017-08-23,107.86,108.47,106.36,107.11,1213235
2017-08-24,107.46,109.43,106.67,109.3,1357749
2017-08-25,109.91,110.65,108.86,109.25,614288
2017-08-28,110,111.92,108.24,111.52,500972
2017-08-29,111.75,111.75,109.47,110.7,452062
2017-08-30,111.75,112.75,111.01,112.31,778564
2017-08-31,112.27,112.36,110.78,111.88,487364
2017-09-01,111.35,112.05,111.01,111.57,292021
2017-09-04,111.04,112.27,110.74,111.57,333337
2017-09-05,111.48,113.15,111.48,112.27,409316
2017-09-06,111.96,113.49,111.57,111.7,482677
2017-09-07,112.14,113.15,110,110.35,634183
2017-09-08,109.82,111.57,109.82,110.65,267095
2017-09-11,110.87,112.97,110.87,112.79,499893
2017-09-12,112.84,114.11,111.83,112.36,679591
2017-09-13,112.01,113.45,111.96,112.36,435029
2017-09-14,112.14,113.84,112.1,113.67,643883
2017-09-15,113.93,115.9,113.76,114.93,1667202
2017-09-18,115.42,116.2,114.45,114.72,580732
2017-09-19,114.55,115.42,114.28,114.55,364138
2017-09-20,114.85,114.85,111.62,112.84,491421
2017-09-21,113.05,113.15,111.75,111.92,290057
2017-09-22,111.7,112.71,111.4,111.92,524388
2017-09-25,111.83,112.36,110.35,110.74,296805
2017-09-26,110.74,111.48,110.08,110.48,348174
2017-09-27,110.96,111.04,109.08,109.91,286536
2017-09-28,109.91,111.35,109.91,110.61,729894
2017-09-29,110.61,112.36,110.61,111.92,1287007
2017-10-02,112.18,112.71,109.95,110.39,584970
2017-10-03,110.83,111.04,109.74,109.74,645190
2017-10-04,109.77,110.17,108.73,109.21,1415247
2017-10-05,109.21,111.31,108.99,110.56,1925111
2017-10-06,110.96,111.7,110.61,111.35,685228
2017-10-09,111.62,111.65,110.13,111.22,534794
2017-10-10,111.48,111.65,108.42,111.04,1224447
2017-10-11,111.4,112.14,110.43,111.92,1552269
2017-10-12,112.36,112.84,111.27,112.84,1963860
2017-10-13,112.79,115.29,112.44,113.41,1931168
2017-10-16,113.45,114.11,111.35,111.57,871238
2017-10-17,111.88,111.88,110.91,111.04,804224
2017-10-18,111.44,111.52,110.26,110.96,401886
2017-10-19,110.7,111.92,109.61,111.01,882696
2017-10-20,111.01,111.01,109.03,109.3,743356
2017-10-23,109.38,110.39,108.86,109.47,2731954
2017-10-24,108.42,108.73,102.79,103.4,3562796
2017-10-25,103.44,104.27,102.82,103.26,1462597
2017-10-26,103.35,103.92,102.21,102.56,789314
2017-10-27,102.95,103.61,102.56,103.26,522809
2017-10-30,104.01,104.49,103.13,104.49,586902
2017-10-31,104.83,104.93,103.35,103.96,674903
2017-11-02,103.61,103.96,103.18,103.61,523602
2017-11-03,103.57,105.32,103.57,105.1,359898
2017-11-06,105.19,106.41,104.4,106.15,502298
2017-11-07,106.36,108.64,106.36,107.6,1289057
2017-11-08,109.74,110,107.07,107.11,1351082
2017-11-09,107.11,107.99,105.8,107.99,648406
2017-11-10,107.55,107.63,106.33,106.72,831618
2017-11-13,106.94,108.42,106.94,107.99,640831
2017-11-14,108.77,108.82,107.2,107.81,429049
2017-11-15,107.29,107.5,106.33,106.33,672213
2017-11-16,106.59,108.16,106.54,107.33,618252
2017-11-17,107.63,108.77,107.55,107.9,600833
2017-11-20,107.9,108.21,107.15,107.55,1392980
2017-11-21,107.6,112.41,107.42,111.92,2960318
2017-11-22,111.79,113.32,110.43,111.79,863592
2017-11-23,111.79,115.24,111.48,114.81,1185660
2017-11-24,115.42,115.42,112.1,113.67,615807
2017-11-27,113.67,116.25,112.92,116.25,661131
2017-11-28,115.85,116.29,113.36,113.36,563727
2017-11-29,113.36,114.42,112.1,112.1,493992
2017-11-30,112.1,114.06,111.92,111.92,824972
2017-12-01,112.01,112.92,110.61,111.04,550024
2017-12-04,111.09,112.23,110.74,111.44,435277
2017-12-05,111.31,112.57,111.04,111.04,508177
2017-12-06,110.87,110.87,108.03,108.21,453337
2017-12-07,108.64,109.25,106.23,108.16,375245
2017-12-08,108.51,110.74,108.51,110.65,557822
2017-12-11,110.65,111.75,108.82,109.13,419866
2017-12-12,109.51,111.4,109.08,111.04,832244
2017-12-13,111.14,111.92,110.78,111.92,359612
2017-12-14,111.22,112.54,111.22,112.54,643855
2017-12-15,112.27,113.1,111.27,112.57,1397583
2017-12-18,112.62,113.18,111.92,112.44,534312
2017-12-19,112.62,113.23,111.65,112.1,288162
2017-12-20,111.83,113.8,111.83,113.8,453311
2017-12-21,113.58,113.67,112.36,113.02,326601
2017-12-22,113.05,113.23,110.91,110.91,235123
2017-12-27,110.87,112.41,110.87,112.41,363323
2017-12-28,112.54,113.67,111.62,113.67,425968
2017-12-29,113.67,114.11,112.36,113.23,259485
2018-01-03,113.23,115.42,112.75,114.98,462287
2018-01-04,115.33,117.6,115.33,117.6,1379258
2018-01-05,117.6,117.6,116.33,117.43,1179518
2018-01-08,117.34,118.04,116.46,117.65,954654
2018-01-09,117.6,118.04,116.33,116.82,890469
2018-01-10,116.77,116.91,115.03,115.42,459330
2018-01-11,115.68,116.43,114.89,116.29,377553
2018-01-12,116.73,117.17,114.37,114.98,846908
2018-01-15,115.06,115.51,113.76,114.55,259888
2018-01-16,114.58,116.91,114.24,116.73,2172552
2018-01-17,116.77,118.57,116.77,117.43,575268
2018-01-18,118.04,118.04,116.12,116.12,445121
2018-01-19,117.17,118.04,116.77,118.04,507926
2018-01-22,118.3,120.01,118.3,120.01,1144977
2018-01-23,120.48,123.07,120.36,122.64,1418087
2018-01-24,122.72,123.59,121.62,122.85,762648
2018-01-25,122.41,123.46,121.62,123.07,451336
2018-01-26,122.85,122.98,120.93,121.45,459079
2018-01-29,121.62,122.24,118.17,118.57,566154
2018-01-30,118.47,119.18,117.52,117.86,588670
2018-01-31,117.99,119.53,117.96,118.83,455167
2018-02-01,119,119.97,115.85,116.77,855186
2018-02-02,116.86,117.56,115.85,116.77,456213
2018-02-05,116.33,117.21,115.42,115.9,462649
2018-02-06,112.36,113.76,110.91,111.75,914047
2018-02-07,112.79,113.23,112.01,112.92,1027777
2018-02-08,112.92,113.05,110.7,111.09,636307
2018-02-09,110.96,112.79,110.04,112.05,1024383
2018-02-12,113.54,114.98,112.79,114.11,548937
2018-02-13,114.11,115.82,114.11,115.77,508580
2018-02-14,116.29,117.04,115.11,116.33,609005
2018-02-15,117.08,117.96,115.37,115.37,624691
2018-02-16,116.51,116.77,112.57,112.71,479273
2018-02-19,113.23,114.63,113.18,113.84,203097
2018-02-20,113.58,113.58,112.62,112.79,137379
2018-02-21,112.92,114.24,112.54,113.89,294961
2018-02-22,113.28,116.33,112.54,115.77,762156
2018-02-23,116.33,116.6,114.58,115.42,177648
2018-02-26,116.38,116.64,113.1,113.41,370458
2018-02-27,115.59,117.96,115.59,117.86,854421
2018-02-28,117.17,117.73,115.42,115.82,969583
2018-03-01,115.42,116.16,112.62,113.67,874074
2018-03-02,113.23,114.24,111.57,112.18,526773
2018-03-05,111.83,113.58,111.83,113.32,387533
2018-03-06,114.55,114.89,113.54,114.89,505228
2018-03-07,113.49,116.38,113.32,115.98,583207
2018-03-08,116.38,116.51,112.49,112.79,797125
2018-03-09,112.79,115.24,111.79,114.93,531511
2018-03-12,115.24,115.85,113.23,113.32,732172
2018-03-13,113.67,114.76,109.38,109.74,1220141
2018-03-14,109.91,110.3,105.8,110.08,2204968
2018-03-15,110.35,110.52,106.46,106.76,732860
2018-03-16,107.11,107.33,105.93,107.07,1883252
2018-03-19,107.2,107.24,104.93,106.67,453130
2018-03-20,107.11,110,106.63,110,768804
2018-03-21,110,110.74,108.29,110.26,677628
2018-03-22,110.08,111.01,107.2,108.95,590674
2018-03-23,107.55,108.73,106.85,108.29,307004
2018-03-26,108.24,109.3,108.03,108.29,383940
2018-03-27,110.43,110.43,107.68,108.24,372746
2018-03-28,108.16,108.34,105.93,105.93,479067
2018-03-29,106.28,108.68,106.28,107.81,330806
2018-04-03,107.94,108.86,107.24,108.77,382140
2018-04-04,108.82,109.08,106.41,106.67,1089162
2018-04-05,107.73,108.6,106.89,107.55,328132
2018-04-06,107.55,107.76,106.41,107.29,236861
2018-04-09,107.55,109.13,106.23,107.6,444224
2018-04-10,108.34,108.86,107.24,108.64,533378
2018-04-11,108.77,109.69,107.42,108.29,384981
2018-04-12,108.29,109.34,107.99,108.42,624740
2018-04-13,108.99,109.21,107.46,107.99,360266
2018-04-16,107.99,108.21,107.11,107.11,239702
2018-04-17,107.99,108.42,107.42,108.03,464519
2018-04-18,108.07,108.68,106.67,107.11,805203
2018-04-19,107.29,108.07,106.28,107.11,752517
2018-04-20,107.37,107.81,106.28,106.28,502905
2018-04-23,106.67,106.94,105.45,106.06,591838
2018-04-24,106.5,107.11,105.36,105.36,719388
2018-04-25,105.36,105.67,102.44,102.44,920114
2018-04-26,102.82,103.7,101.91,103.05,1111255
2018-04-27,103.57,103.57,102.13,102.74,423017
2018-04-30,103.13,103.79,101.25,102.21,734316
2018-05-02,102.31,103.31,101.42,103.09,1023345
2018-05-04,102.74,103.53,101.78,102.39,683110
2018-05-07,102.65,102.65,100.55,100.55,754766
2018-05-08,101.42,101.42,98.67,100.29,1110096
2018-05-09,100.38,102.34,100.38,101.86,2434201
2018-05-10,103,103,100.55,101.73,1237883
2018-05-11,101.6,104.8,101.6,104.66,1889826
2018-05-14,104.93,106.1,104.53,105.36,1057139
2018-05-15,104.93,105.32,103.44,103.79,923204
2018-05-16,104.05,104.09,102.31,102.74,563952
2018-05-17,102.65,102.92,100.29,101.17,1500639
2018-05-18,100.86,102,99.77,100.68,710185
2018-05-21,101.08,101.82,99.99,100.51,617549
2018-05-22,100.77,101.21,99.243,99.77,775391
2018-05-23,99.81,100.25,98.764,99.59,981764
2018-05-24,99.68,100.64,98.98,99.51,730137
2018-05-25,99.68,99.81,97.628,99.243,1115588
2018-05-28,99.72,100.68,99.51,99.94,273064
2018-05-29,99.68,99.85,97.712,98.454,460469
2018-05-30,97.975,98.37,96.838,97.759,2184303
2018-06-01,98.802,101.91,97.581,101.78,1308667
2018-06-04,101.95,104.18,100.38,101.08,865040
2018-06-05,101.04,105.8,100.03,104.83,1141284
2018-06-06,105.06,105.06,103.57,104.71,718229
2018-06-07,105.36,106.41,104.49,106.41,583377
2018-06-08,104.93,105.67,101.65,105.36,500361
2018-06-11,105.75,106.67,105.14,106.23,347084
2018-06-12,106.54,106.54,105.19,106.2,378818
2018-06-13,106.02,106.02,104.62,104.8,382391
2018-06-14,104.71,105.62,103.96,104.88,1244789
2018-06-15,104.66,105.36,102.26,102.26,1594157
2018-06-18,102.31,102.39,99.196,100.46,415888
2018-06-19,98.802,99.375,97.975,99.159,786505
2018-06-20,99.196,101.34,99.159,100.64,898031
2018-06-21,100.91,101.34,98.37,100.12,578940
2018-06-22,100.99,100.99,99.85,100.33,477480
2018-06-25,100.33,100.46,99.413,99.77,492185
2018-06-26,99.68,100.99,99.68,100.55,881341
2018-06-27,100.16,100.68,99.59,99.77,968620
2018-06-28,99.59,99.81,97.759,98.107,417384
2018-06-29,99.243,99.77,97.928,98.802,454922
2018-07-02,98.802,98.802,96.97,97.975,491471
2018-07-03,98.586,99.065,98.107,98.539,431225
2018-07-04,98.933,99.72,98.501,99.72,517704
2018-07-05,99.91,100.43,98.971,100.05,987627
2018-07-06,99.96,100.29,99.206,99.206,290970
2018-07-09,99.63,100.38,98.36,98.454,244083
2018-07-10,98.642,100.62,98.454,99.96,630279
2018-07-11,99.441,100,98.642,98.642,248523
2018-07-12,99.3,99.3,97.891,98.971,294550
2018-07-13,99.3,99.3,97.703,98.595,345062
2018-07-16,98.36,98.407,97.327,97.327,178047
2018-07-17,97.656,98.36,95.495,96.294,551769
2018-07-18,96.669,97.092,94.415,95.495,521366
2018-07-19,95.589,96.669,94.978,96.247,437092
2018-07-20,96.153,97.703,95.495,97.703,509228
2018-07-23,98.079,99.206,97.75,99.112,570567
2018-07-24,98.877,102.35,98.877,101.46,1055803
2018-07-25,101.46,102.4,100.62,101.04,338931
2018-07-26,101.13,101.6,99.68,101.18,985779
2018-07-27,101.55,102.02,100.1,100.24,432409
2018-07-30,100.71,103.25,99.86,103.25,728994
2018-07-31,103.2,105.55,102.45,105.08,943109
2018-08-01,105.03,105.59,102.31,104.04,785017
2018-08-02,104.14,104.65,103.72,104.28,282075
2018-08-03,104.28,104.94,103.72,104.28,541785
2018-08-06,104.75,104.75,103.1,104.75,386190
2018-08-07,104.75,105.31,103.43,103.43,654545
2018-08-08,110.2,112.55,109.73,110.81,3194939
2018-08-09,111.14,112.97,109.45,112.69,1075718
2018-08-10,111.7,111.7,108.46,108.93,533686
2018-08-13,108.22,108.98,107.52,108.04,593406
2018-08-14,108.41,110.39,106.72,108.04,545842
2018-08-16,107.9,108.69,106.44,107.19,840194
2018-08-17,107.94,107.94,104.56,104.8,526665
2018-08-20,105.88,107.05,105.03,105.97,581906
2018-08-21,106.35,109.35,105.27,108.88,916332
2018-08-22,108.13,110.2,108.13,109.02,964185
2018-08-23,108.98,111.98,108.98,111.65,1328145
2018-08-24,111.28,111.7,110.06,110.06,552467
2018-08-27,110.95,113.53,110.67,113.2,1253456
2018-08-28,113.3,113.67,111.7,112.17,799007
2018-08-29,112.36,112.45,109.73,110.86,771500
2018-08-30,111.09,112.12,109.92,110.48,693030
2018-08-31,110.2,110.67,108.79,109.77,718740
2018-09-03,109.77,111.09,109.02,109.92,527671
2018-09-04,110.24,111.61,107.19,108.51,554493
2018-09-05,108.46,109.45,107.14,107.14,666169
2018-09-06,106.63,108.13,105.59,105.78,703543
2018-09-07,106.16,106.44,102.49,102.68,1084681
2018-09-10,103.15,105.64,103.15,105.36,814603
2018-09-11,105.83,106.16,103.15,103.43,720223
2018-09-12,103.48,104.51,99.159,99.159,1285370
2018-09-13,99.58,101.65,99.018,100.52,913415
2018-09-14,101.41,101.41,100.1,100.99,856557
2018-09-17,100.94,101.46,99.68,100.62,655614
2018-09-18,100.71,102.59,100.1,100.8,635103
2018-09-19,101.23,104.61,101.23,103.62,925921
2018-09-20,102.96,105.97,102.96,104.98,798290
2018-09-21,105.59,105.88,101.27,101.27,4195315
2018-09-24,101.98,102.4,99.3,100.19,974093
2018-09-25,102.4,102.87,101.13,101.18,911798
2018-09-26,101.13,101.84,99.91,101.79,738224
2018-09-27,101.46,101.74,99.91,101.41,1151830
2018-09-28,100.71,100.99,98.642,99.77,1467650
2018-10-01,100.33,100.94,98.313,98.83,585271
2018-10-02,98.313,100.33,97.515,100.33,530699
2018-10-03,100.52,101.65,100.38,100.71,746749
2018-10-04,100.05,100.43,99.018,99.58,507936
2018-10-05,99.488,99.488,97.985,98.079,412076
2018-10-08,98.079,98.407,96.81,96.81,409805
2018-10-09,96.857,99.018,96.481,98.924,438333
2018-10-10,98.595,98.924,96.434,97.045,604485
2018-10-11,95.73,96.763,95.025,95.777,895319
2018-10-12,96.106,96.857,95.636,95.965,551502
2018-10-15,96.294,96.388,94.697,95.213,476872
2018-10-16,96.106,97.562,94.743,97.562,769622
2018-10-17,97.938,98.736,96.012,96.763,630746
2018-10-18,96.388,97.656,96.012,97.609,430225
2018-10-19,96.904,97.703,95.824,97.327,557573
2018-10-22,97.891,97.891,96.106,96.528,289594
2018-10-23,95.636,97.327,95.589,96.294,708763
2018-10-24,96.106,98.079,96.106,97.092,444059
2018-10-25,96.247,96.904,95.589,96.904,684841
2018-10-26,96.716,96.857,94.884,94.884,440628
2018-10-29,94.931,96.716,94.227,95.401,379317
2018-10-30,95.354,96.622,94.743,96.622,438257
2018-10-31,96.763,98.548,96.622,98.36,1135222
2018-11-02,99.112,100.57,99.112,99.86,889620
2018-11-05,100.05,100.8,99.394,100.8,525733
2018-11-06,100.71,101.37,99.77,101.37,439584
2018-11-07,101.46,105.08,101.46,104.75,1437247
2018-11-08,104.75,104.98,104,104.98,667398
2018-11-09,104.37,104.42,103.06,104.28,526507
2018-11-13,103.72,103.81,100.99,102.35,456962
2018-11-14,101.18,101.84,98.313,100.76,1074344
2018-11-15,100.9,101.65,98.548,98.548,520861
2018-11-16,98.877,100.05,91.408,94.884,2705927
2018-11-19,95.354,96.669,92.198,96.341,999942
2018-11-20,95.542,97.515,94.603,96.012,758694
2018-11-21,96.388,97.703,96.341,97.703,549886
2018-11-22,97.797,99.065,96.434,97.891,301335
2018-11-23,98.126,98.642,97.327,97.985,208327
2018-11-26,98.783,99.63,98.313,99.112,588426
2018-11-27,99.112,100.62,98.172,100.62,744046
2018-11-28,100.9,102.59,100.8,101.74,709731
2018-11-29,102.59,102.82,100.94,102.82,513887
2018-11-30,102.87,103.15,99.72,103.15,1364910
2018-12-03,104.09,106.58,103.72,106.39,1054679
2018-12-04,106.06,106.58,104.61,106.39,1064172
2018-12-05,104.8,106.16,103.9,106.16,486623
2018-12-06,105.22,105.31,101.98,101.98,561215
2018-12-07,102.87,104.23,101.6,102.17,390937
2018-12-10,101.46,102.59,100.15,100.15,261288
2018-12-11,100.71,101.7,96.763,96.763,749685
2018-12-12,97.609,101.04,97.374,101.04,727509
2018-12-13,101.6,101.84,99.018,101.7,713974
2018-12-14,100.52,101.55,98.36,100.05,777553
2018-12-17,99.68,101.32,99.53,100.38,298631
2018-12-18,99.488,105.08,99.488,104.94,1352552
2018-12-19,104.56,104.98,102.82,104.98,633681
2018-12-20,103.72,104.37,102.82,103.48,541060
2018-12-21,103.53,104.09,100.47,102.12,1261949
2018-12-27,103.25,103.34,101.32,101.84,354328
2018-12-28,102.45,102.92,101.74,102.4,275290
2019-01-02,102.45,104.65,100.24,104.65,365082
2019-01-03,104.18,104.18,102.17,102.31,541626
2019-01-04,102.63,104.75,102.49,104.47,672008
2019-01-07,104.94,106.53,104.94,106.2,715455
2019-01-08,106.53,107.52,105.45,107.1,904139
2019-01-09,106.72,108.27,105.78,107.14,1118737
2019-01-10,106.35,106.82,105.5,106.25,866778
2019-01-11,106.77,107.24,105.92,106.63,960155
2019-01-14,106.91,108.04,106.06,108.04,950086
2019-01-15,108.37,109.92,108.13,109.82,1272973
2019-01-16,109.92,111.09,109.35,109.92,1327851
2019-01-17,109.45,110.2,109.35,109.49,1236334
2019-01-18,110.1,110.1,108.41,108.69,1170867
2019-01-21,108.69,109.35,107.61,108.32,211148
2019-01-22,106.16,106.86,104.98,105.22,1600820
2019-01-23,105.59,107.94,104.98,106.67,2117687
2019-01-24,107.61,108.41,106.3,106.91,826985
2019-01-25,107.47,107.99,106.16,106.16,771637
2019-01-28,106.86,107.24,105.59,107.05,752262
2019-01-29,107.1,107.33,105.92,106.58,621199
2019-01-30,106.25,106.63,104.09,104.09,942704
2019-01-31,105.12,105.5,102.45,103.9,1126020
2019-02-01,104.28,105.08,103.86,105.03,496760
2019-02-04,105.22,106.39,104.65,105.41,420757
2019-02-05,105.69,107.1,105.41,107.1,361047
2019-02-06,107,107.71,106.16,107.24,345380
2019-02-07,106.86,107.57,104.14,104.14,447154
2019-02-08,104.28,105.45,104,105.41,302664
2019-02-11,105.41,106.39,104.42,104.42,347889
2019-02-12,105.22,106.16,104.65,106.16,380301
2019-02-13,106.16,106.39,104.7,104.94,261383
2019-02-14,105.36,105.55,102.78,102.78,378625
2019-02-15,103.06,104.75,103.01,103.72,344640
2019-02-18,103.86,104.61,103.1,103.95,248873
2019-02-19,103.95,105.22,103.62,104.94,361961
2019-02-20,105.12,106.86,105.12,106.86,443538
2019-02-21,106.91,107.29,105.22,105.97,626166
2019-02-22,105.78,106.91,105.45,106.16,330236
2019-02-25,106.16,108.98,105.64,108.98,611178
2019-02-26,109.45,109.45,106.72,107.8,685607
2019-02-27,107.9,107.9,106.16,106.25,326732
2019-02-28,106.63,107.1,105.36,106.44,885916
2019-03-01,106.25,107.61,105.5,105.69,263700
2019-03-04,106.53,107.05,105.08,105.69,471493
2019-03-05,105.45,105.97,104.42,104.8,234864
2019-03-06,105.22,105.64,103.9,104.18,343812
2019-03-07,104.33,104.7,102.96,103.34,268219
2019-03-08,103.29,103.29,101.37,101.84,594417
2019-03-11,102.4,102.73,101.93,102.35,279493
2019-03-12,103.15,103.15,101.74,102.92,242088
2019-03-13,102.63,103.81,101.98,103.81,328041
2019-03-14,103.9,103.95,102.49,103.15,279251
2019-03-15,103.67,105.55,103.43,104.51,1760890
2019-03-18,104.98,105.55,103.2,103.25,352133
2019-03-19,103.34,104.8,103.2,103.62,427147
2019-03-20,103.81,105.22,103.81,105.22,299414
2019-03-21,105.22,105.55,104,105.22,300309
2019-03-22,105.12,105.22,103.01,103.01,516673
2019-03-25,102.87,104.09,102.45,104.04,339175
2019-03-26,103.48,104.8,103.01,104.8,214572
2019-03-27,104.75,105.22,103.34,103.34,576464
2019-03-28,103.34,104,103.01,103.25,117122
2019-03-29,103.34,104.33,102.92,103.34,404028
2019-04-01,104.14,104.84,103.53,103.9,302064
2019-04-02,103.9,104.8,103.9,104.37,292230
2019-04-03,104.75,105.69,104.09,105.45,421547
2019-04-04,105.22,107.66,104.84,107.14,1163460
2019-04-05,107.38,107.85,105.88,106.35,633934
2019-04-08,106.58,106.82,105.36,105.88,222669
2019-04-09,106.35,106.67,105.31,106.49,400318
2019-04-10,106.35,107.38,106.35,106.91,342161
2019-04-11,106.91,107.38,106.67,106.91,297147
2019-04-12,107.1,107.57,106.77,107.33,563884
2019-04-15,106.91,107.38,105.69,105.88,351866
2019-04-16,105.88,106.96,105.83,106.96,638931
2019-04-17,107.1,108.04,106.49,108.04,1298359
2019-04-18,108.41,109.82,107.99,109.82,1316545
2019-04-23,109.54,110.29,108.93,110.29,591673
2019-04-24,110.15,110.71,108.84,109.21,1433772
2019-04-25,109.21,109.87,106.82,107.38,539906
2019-04-26,107.05,109.54,107.05,109.45,454523
2019-04-29,109.45,110.1,109.21,110.06,240778
2019-04-30,108.98,108.98,106.16,106.82,827136
2019-05-02,107.1,107.71,106.63,107.05,372033
2019-05-06,106.25,107,105.17,105.69,594598
2019-05-07,106.16,106.16,101.74,101.74,653697
2019-05-08,102.4,102.68,100.57,100.94,792169
2019-05-09,100.94,101.6,98.36,98.36,705958
2019-05-10,99.347,100.71,98.83,100,558575
2019-05-13,100.15,100.19,97.844,98.501,406434
2019-05-14,99.112,99.394,96.904,96.904,720738
2019-05-15,97.515,97.844,94.884,95.73,1062013
2019-05-16,96.106,97.891,95.448,97.844,1397590
2019-05-17,97.703,97.985,96.575,97.75,604432
2019-05-20,97.75,98.172,96.059,96.059,699893
2019-05-21,96.388,96.857,96.106,96.763,725191
2019-05-22,96.763,97.656,96.106,97.233,1243015
2019-05-23,96.951,97.28,96.106,96.481,1901660
2019-05-24,96.294,97.656,96.059,97.609,2822838
2019-05-27,97.703,98.172,97.515,97.703,260918
2019-05-28,97.703,97.985,95.965,96.153,1807710
2019-05-29,95.824,97.468,95.495,97.468,1157973
2019-05-30,97.609,100.24,96.622,99.77,1793064
2019-05-31,98.83,100,98.642,99.82,773549
2019-06-03,99.394,101.6,98.642,100.99,823466
2019-06-04,100.99,102.4,100.9,101.46,674367
2019-06-05,101.65,102.68,101.46,102.4,1072404
2019-06-06,102.35,104.75,101.98,103.9,942607
2019-06-07,103.43,105.22,103.43,104.8,376726
2019-06-10,104.42,105.08,103.39,103.86,304018
2019-06-11,104.18,105.59,103.86,104.28,1490745
2019-06-12,103.86,104.33,102.96,103.67,682203
2019-06-13,103.43,105.55,102.26,105.5,668141
2019-06-14,105.08,105.45,104.47,104.98,335317
2019-06-17,104.84,106.3,104.84,105.36,305255
2019-06-18,105.74,107.9,105.55,107.1,956266
2019-06-19,107.19,107.94,107,107.57,487613
2019-06-21,107.61,107.8,106.63,106.77,1624002
2019-06-24,107.19,107.52,106.82,107.24,255304
2019-06-25,107,107,104.65,104.65,1116173
2019-06-26,105.22,105.78,104.04,104.75,713361
2019-06-27,104.84,105.88,104.65,105.41,433398
2019-06-28,105.22,105.59,104.7,105.03,444371
2019-07-01,105.78,107.1,105.55,105.83,436386
2019-07-02,105.97,106.35,105.31,106.11,731417
2019-07-03,106.02,106.02,104.33,104.33,481360
2019-07-04,105.22,105.22,103.67,104.14,521714
2019-07-05,104.28,104.61,102.35,102.96,755162
2019-07-08,103.43,103.43,101.98,102.4,680107
2019-07-09,102.8,105.3,102.25,105.3,883460
2019-07-10,104.9,106.9,103.8,104.65,680671
2019-07-11,105.1,106.45,104.65,105.2,451928
2019-07-12,106.25,106.4,104.25,104.95,277508
2019-07-15,105.45,105.45,104.3,104.95,298643
2019-07-16,105.2,105.55,104,104.55,265437
2019-07-17,104.9,105.35,104.5,104.75,443232
2019-07-18,105,106.65,104.2,106.5,1080624
2019-07-19,105.6,107.35,105.1,106.4,531301
2019-07-22,106.85,106.85,105.85,106.15,455253
2019-07-23,105.9,106.5,105.55,106.25,547372
2019-07-24,106.05,106.3,105,105.8,252500
2019-07-25,106,106.2,104.1,104.1,359542
2019-07-26,104.85,104.85,103.4,103.6,297666
2019-07-29,103.95,104.5,103.3,104.45,216859
2019-07-30,103.9,104.8,103.65,103.65,400596
2019-07-31,103.5,103.9,101.5,103.15,909698
2019-08-01,102.85,103.3,99.6,99.88,994944
2019-08-02,99.62,101.55,98.94,100.35,665706
2019-08-05,100.15,100.4,97,97,793218
2019-08-06,97,99.14,96.62,97.6,1065085
2019-08-07,98.4,99.52,96.6,97.08,668547
2019-08-08,98.4,99.04,97.6,98.46,749583
2019-08-09,99.16,99.18,97.18,97.26,974906
2019-08-12,98.02,98.34,95.86,97.2,644408
2019-08-13,97.2,99.62,96.46,98.5,813323
2019-08-14,98.36,98.38,96.88,97,635950
2019-08-16,97.38,98.54,97.1,98,838836
2019-08-19,99.36,99.36,97.72,98.3,390517
2019-08-20,98.94,98.94,97.52,98.04,821906
2019-08-21,98.08,98.72,97.98,98.16,343191
2019-08-22,98.46,98.76,97.34,97.54,506509
2019-08-23,97.58,98.7,96.28,97.52,358712
2019-08-26,97,97.52,96.1,96.46,514407
2019-08-27,97,97,94.84,96.1,1479592
2019-08-28,96.1,97.8,95,95.5,869168
2019-08-29,95.5,96.3,93.5,93.62,602762
2019-08-30,94.1,97.34,93.94,97.34,792640
2019-09-02,98,99.7,97.66,99.44,584916
2019-09-03,99.1,99.22,97.24,98.48,381593
2019-09-04,99.1,100,98.24,98.74,988017
2019-09-05,99,99.92,98.54,99.92,762683
2019-09-06,100,101.3,99.96,101.3,658965
2019-09-09,101.3,105.75,101.2,105.55,1545155
2019-09-10,105.65,108.5,105.05,107.1,1231516
2019-09-11,106.9,107.95,106.85,107.35,701750
2019-09-12,107.5,108.2,106.65,107.4,822710
2019-09-13,107.4,107.7,106.85,107.35,421124
2019-09-16,106.9,108.35,106.15,107,877257
2019-09-17,106.95,107,104.7,104.9,740356
2019-09-18,104.3,106.2,104.2,105.9,361326
2019-09-19,105.85,106.25,104.6,105.6,405568
2019-09-20,106.25,106.25,103.65,104.1,1156417
2019-09-23,104.05,104.1,101.85,102,465958
2019-09-24,102.9,103.7,102.05,102.8,602126
2019-09-25,102.35,103.95,102,103.95,356538
2019-09-26,104.35,104.35,102.45,103.55,281615
2019-09-27,103.55,103.95,103,103.6,216637
2019-09-30,102.7,103.7,102.3,102.4,285606
2019-10-01,102.6,102.7,101.1,101.6,343285
2019-10-02,101.1,101.5,99.26,99.38,360415
2019-10-03,99,101.6,98.3,100.25,951741
2019-10-04,100,101.95,100,101.5,472736
2019-10-07,101.95,101.95,100.8,101.55,256148
2019-10-08,101.25,102.1,100.9,102.1,597209
2019-10-09,102.45,104.8,101.7,104.25,400327
2019-10-10,104.3,104.5,102.65,104,432148
2019-10-11,104.5,104.95,103.55,104.55,634644
2019-10-14,104.55,104.55,103.2,103.5,256167
2019-10-15,104,105.5,103.3,105.5,435038
2019-10-16,105.05,107,105.05,106.8,703399
2019-10-17,106.9,108.2,106.4,107.6,523319
2019-10-18,106.8,107.2,105.7,106.5,509806
2019-10-21,106.2,107.8,106.15,107.8,186926
2019-10-22,107.9,108.6,106.9,108.6,497861
2019-10-23,108.3,109.25,107.3,109.25,441180
2019-10-24,109.05,113.25,109.05,113.25,1354251
2019-10-25,113.1,113.9,110.8,111.7,1686529
2019-10-28,110.6,112,110.25,111.6,426791
2019-10-29,112.4,112.85,110.9,111.9,724408
2019-10-30,111.8,112.15,109.65,110,431219
2019-10-31,110.55,110.8,107.8,107.8,949609
2019-11-04,108.5,109.25,107.35,109.2,943162
2019-11-05,109.05,109.25,108.1,108.55,431696
2019-11-06,109,110,106.05,106.4,790504
2019-11-07,106.4,106.75,104.9,105.95,699850
2019-11-08,105.5,106,104.6,105.05,599366
2019-11-12,105.3,105.5,104.1,104.25,987358
2019-11-13,104.5,104.5,101.85,102.5,663535
2019-11-14,102.5,104.35,102.45,103.5,379659
2019-11-15,103.65,104.35,103.25,104,338350
2019-11-18,104.6,104.95,102.55,103.5,330510
2019-11-19,103.75,103.9,102.9,103.6,369599
2019-11-20,103.35,104,102.7,104,299067
2019-11-21,103.7,104.35,103.1,104.35,497690
2019-11-22,104.2,104.75,103.3,104.4,369353
2019-11-25,104.1,104.8,103.7,104.7,343640
2019-11-26,105,105.45,103.3,103.85,1610620
2019-11-27,103.85,104.3,103.15,103.3,259880
2019-11-28,103.5,104.75,102.1,104.5,502791
2019-11-29,103.55,104.9,103.55,104.8,586766
2019-12-02,103.6,104.05,99.8,99.8,774722
2019-12-03,100,100.75,96.8,96.8,1234117
2019-12-04,96.8,98.68,96.34,96.34,1210726
2019-12-05,96.5,98.4,95.2,97.24,1087054
2019-12-06,97,97,95.34,95.52,628255
2019-12-09,96,96,94.24,95.2,750801
2019-12-10,95.48,95.48,93.6,93.98,547086
2019-12-11,94.3,94.94,91.26,94.84,956461
2019-12-12,95.36,98.82,95.36,98.56,1128244
2019-12-13,99.5,99.5,97.7,98.42,495401
2019-12-16,98.42,99.42,97.8,98.64,418537
2019-12-17,98.9,100.55,98.3,99.5,949872
2019-12-18,99.66,100.6,99.02,100.3,1150873
2019-12-19,100.4,100.8,99.88,100.7,366093
2019-12-20,100.3,100.7,99.82,100.1,1007539
2019-12-23,100.1,101.25,99.68,101.25,363024
2019-12-27,100.95,101.55,100.65,101.15,286636
2019-12-30,100.9,101.3,100.3,100.45,184410
2020-01-02,101.6,102.45,100.8,102,440888
2020-01-03,101.95,101.95,100.7,101.8,392051
2020-01-07,101.45,102.3,99.6,100.55,338053
2020-01-08,100.6,100.6,99,99.02,377006
2020-01-09,100.2,102.75,99.7,102.75,931230
2020-01-10,102.75,104.95,102,104.95,856514
2020-01-13,104.95,107.6,104.1,106.5,1384054
2020-01-14,106.9,106.9,104.7,105,1937804
2020-01-15,104.9,105.1,102.15,102.5,1074475
2020-01-16,102.8,103.45,101.45,102.7,803640
2020-01-17,102.3,105.2,102.3,103.5,639966
2020-01-20,103.2,103.25,101.7,101.7,263283
2020-01-21,101.5,101.95,100.55,100.9,192010
2020-01-22,101.75,101.8,100.2,100.9,305655
2020-01-23,100.95,101.3,100.05,100.9,453020
2020-01-24,100.9,102.05,100.4,100.5,351638
2020-01-27,100,100.2,97.46,97.46,710572
2020-01-28,97.7,98.66,97.22,98.2,931736
2020-01-29,98.2,99.44,97.8,99.42,469879
2020-01-30,98.8,99.76,98.24,98.82,664794
2020-01-31,99.88,99.88,97.42,98.98,683062
2020-02-03,98.4,100.4,98.4,100.15,377068
2020-02-04,101.15,101.3,95.52,97.06,1508596
2020-02-05,97.38,99.38,96.3,99,642511
2020-02-06,99.8,100.9,98.74,100.75,689603
2020-02-07,99.88,101.75,99.52,101.75,343955
2020-02-10,101.75,101.85,100.2,100.85,305148
2020-02-11,101.35,102.45,100.4,102.35,377654
2020-02-12,102.5,104.75,102.45,103.65,696726
2020-02-13,103.7,103.7,101.1,102.95,366301
2020-02-14,103.8,103.8,100.55,101.05,163092
2020-02-17,101.95,102.4,100.15,101.6,287166
2020-02-18,101,102.55,100.55,101.6,298180
2020-02-19,101.65,102.2,100.9,101.95,435333
2020-02-20,102.25,103.1,101.55,102.35,351329
2020-02-21,101.95,102.05,100.7,100.85,358107
2020-02-24,99.72,99.72,96.46,96.56,678661
2020-02-25,96.56,97.2,94.24,94.82,587009
2020-02-26,95,96.38,93.58,95.38,749042
2020-02-27,95,96.44,92.4,93.5,706988
2020-02-28,91.48,92.5,88,88.04,1628582
